id,"name","place","detail","homepage","image","created_at","updated_at","tel","access"
1,"多摩国際記念病院","関東東京都多摩市緑区","自然に囲まれた緑豊かな病院です。都内からのアクセスも良く、最寄り駅から徒歩２分なのでご高齢の方や身体の不自由な方でも利用しやすくなっております。多摩地域において総合的な医療機能を持つ唯一の都立病院として、高度専門医療を提供しています。","http://www.fuchu-hp.fuchu.tokyo.jp/","http://www.shimz.co.jp/theme/pfi/images/tamahospital_img001.jpg","2016-05-07 09:55:02","2016-05-07 09:55:02","0120-XXX-XXX","JR国立駅から徒歩１０分"
2,"北海道大学病院","北海道札幌市","平成15年10月1日、医学部附属病院と歯学部附属病院が統合され、医療法上「北海道大学病院」となりました。
　「北海道大学病院」は、北海道大学医学部・歯学部附属の教育・研究施設として、医科・歯科の高度・良質な統合的医療に基づく、全人的医療の提供ならびに全人教育を実践する道内唯一の医療施設として、以下の基本理念に基づき、その目標を実現するため、環境の整備と体制の確立に努めます。","http://www.huhp.hokudai.ac.jp/","http://hokudai-med-sports.org/room/image/bulid.jpg","2016-05-07 09:55:02","2016-05-07 09:55:02","0120-XXX-XXX","JR札幌駅から北海道大学病院行きバスで10分"
3,"東京脳神経センター","北海道札幌市","平成15年10月1日、医学部附属病院と歯学部附属病院が統合され、医療法上「北海道大学病院」となりました。
　「北海道大学病院」は、北海道大学医学部・歯学部附属の教育・研究施設として、医科・歯科の高度・良質な統合的医療に基づく、全人的医療の提供ならびに全人教育を実践する道内唯一の医療施設として、以下の基本理念に基づき、その目標を実現するため、環境の整備と体制の確立に努めます。","http://www.huhp.hokudai.ac.jp/","http://hokudai-med-sports.org/room/image/bulid.jpg","2016-05-07 09:55:02","2016-05-07 09:55:02","0120-XXX-XXX","JR札幌駅から北海道大学病院行きバスで10分"
4,"聖路加国際病院サテライトクリニック（ライフ・プランニング・センター）
				
			","関東","港区三田にある聖路加サテライトクリニックでは、人間ドック、健康診断、乳がん検診などを行っております。
そのほかにも様々なオプション検査をご用意し、皆様が健康で生きがいのある毎日を送れるように医師、ナース等の医療スタッフがきめ細かくサポートしております。
また当施設は聖路加国際病院の理事長である日野原重明が開設した財団法人の診療所であり、同病院より特別に「聖路加国際病院　サテライトクリニック」の標榜を許可されている数少ない診療所です。


【住所：東京都港区三田３－１２－１２】",NULL,"http://www.docknet.jp/img/hospital/D20098/p1.jpg","2016-05-18 02:27:11","2016-05-18 02:27:11",NULL,"田町(東京都)／泉岳寺／三田(東京都)"
5,"八王子クリニック新町＜東京都八王子市･八王子駅＞人間ドック
				
			","関東","八王子クリニック　新町の人間ドックはマルチスライスＣＴやＭＲＩ、電子内視鏡や超音波診断装置などの高度先進医療機器を使用し、高い精度で病気を見つける世界最高水準の人間ドックです。
その主な精度は、日本人の死亡原因の第一位である「がん」の約９割を早期に発見し、働き盛りの突然死の原因で最も多い「心筋梗塞」を冠動脈ＣＴで、直接的な視点でリスクを判定し予防致します。
また寝たきりや認知症の原因で最も多い「脳卒中」を７種類ものＭＲＩ撮影を行い詳細に脳を検査し予防致します。

具体的に、ＭＲＩ・ＭＲＡやＣＴを用いて全身を調べる日帰り・１泊の全身ドックを実施しているほか、かくれ脳梗塞、かくれ脳内出血などの早期発見を目指すため、脳ドックや脳疾患に加えて心臓・肺などの画像診断も行います（脳ドックＡコース、心臓ドックを除く）。
必ずや、皆様方の健康管理にお役に立てると自負しています。

◎診療科目：内科・外科・脳神経外科・循環器内科・消化器科

◆◆◆◆◆◆◆予約ダイヤルに関しまして◆◆◆◆◆◆◆◆◆◆
　　　　　　　　　≪03-6895-4875≫
こちらはドクネットの予約ダイヤルになります
こちらのコースはお電話でのご予約を承ります
コースのご予約についてはこちらの番号までお問合せ下さい
◆◆◆◆◆◆◆◆◆◆◆◆◆◆◆◆◆◆◆◆◆◆◆◆◆◆◆◆◆


【住所：東京都八王子市新町7-10】",NULL,"http://www.docknet.jp/img/hospital/D20035/p1.jpg","2016-05-18 02:27:11","2016-05-18 02:27:11",NULL,"八王子／京王八王子"
6,"ラジオロジークリニック扇町＜大阪府大阪市北区・東梅田駅＞脳ドック
				
			","関東","ラジオロジークリニック扇町は、地下鉄御堂筋梅田駅から徒歩10分、JR大阪駅から徒歩12分、北区の中心部にあります。
私たちは、市民の身近な放射線科専門クリニックとして、皆様の健康維持にお役立ちできることを誇りとしております。

ラジオロジークリニック扇町では、CT、MRI、マンモグラフィなど高度な医療機器を備えており、検査画像や診断の質は高いレベルを維持するように力を注いでいます。

また、禁煙外来、大腸CT検査や女性医師による乳がん検診を行っています。
血液検査で、癌のリスクを測るアミノインデックス、動脈硬化指数を測るロックスインデックスも実施しております。

【住所：大阪府大阪市北区神山町1-7】",NULL,"http://www.docknet.jp/img/hospital/D20162/p1.jpg","2016-05-18 02:27:11","2016-05-18 02:27:11",NULL,"東梅田／扇町(大阪府)／天満"
7,"三愛病院＜埼玉県さいたま市桜区・西浦和駅＞人間ドック･脳ドック
				
			","関東","「三愛」の名前の由来は、病院理念である三つの愛が基本となっております。「患者様への思いやりの心」「地域を愛する心」「医療に奉仕する心」この三つの愛をモットーとし、職員一丸となって医療に捧げています。
人間ドックは日帰りコース以外にも、気になる部位だけを検査できるコース、女性特有の病気を発見するためのコースもございます。さらに、毎週火曜日は女性医師・女性技師が担当しますので、女性の方に安心して受診していただいております。

◎最新機器によるオーダーメイド型の人間ドック
「3.0テラスの高磁場MRI」や「320列CT」など最新機器で低リスク低負担なオーダーメイド型の人間ドックをご提供させていただきます。
◎専門医による多重読影
画像検査の結果は、有名大学の放射線専門医をはじめ、各分野専門医が細心の注意を払い、チェックを行います。
◎検査結果を、今後の健康管理のお役に立てるようお手伝いいたします。担当の専門医により、検査結果の意味や今後の生活の中での注意事項などを分かりやすくご説明します。また、次回からの健診では前回のデータを比較して判定します。
◎治療や経過観察（一定期間後の再検査）をサポートいたします。

【住所：埼玉県さいたま市桜区田島4-35-17】",NULL,"http://www.docknet.jp/img/hospital/D20140/p1.jpg","2016-05-18 02:27:11","2016-05-18 02:27:11",NULL,"西浦和"
8,"松澤クリニック　総合健診センター＜埼玉県ふじみ野市・ふじみ野駅＞人間ドック
				
			","関東","人が生活する上で一番大切な「健康」。
その健康を維持し、毎日元気で活躍するためには、適切な食事・運動・休養・それに老化現象に対する配慮が大切です。そのために、まず自分の体の正確な情報を得ることが必要です。
松澤クリニック　総合健診センターでは、最新のデジタルX線透視装置・電子内視鏡装置・超音波診断装置・全身用マルチスキャンヘリカルCT装置・MRI装置・マンモグラフィー検査装置・オンライン画像診断システム・コンピューターなどを駆使して、脳・肺・乳腺・甲状腺・胃十二指腸・大腸肛門・前立腺・肝胆すい・骨などに関し、各臓器ごとにターゲットをしぼって、成人病の危険因子や癌の有無などに関し、精密検査を行います。
ご予約のうえ来院していただければ、ドックは短時間で済みます。大切な各人のデーターはコンピューター管理しますので、経時的な推移が容易に把握できます。定期的に精査を受けることが大切です。その結果、健康を維持するための生活指導を行ないます。異常所見が認められた場合は、さらに精査の上、速やかに適切な治療を開始いたします。入院治療が必要な場合は、病状に適した病院を紹介いたします。

【住所：埼玉県ふじみ野市ふじみ野３丁目９－２０】",NULL,"http://www.docknet.jp/img/hospital/D20317/p1.jpg","2016-05-18 02:27:11","2016-05-18 02:27:11",NULL,"ふじみ野"
9,"調布東山病院＜東京都調布市･調布駅＞人間ドック
				
			","関東","◆ドック健診センターの利便性
・当院は、調布駅から隣接した場所に立地しております。
・京王線調布駅は新宿から15分、相模原線と京王線の分岐点にあります。
・駅や電車から目視できる立地です。

◆完全システム化
・生活習慣病予防健診の実施時間でも、1時間足らずで終了できます。
・診療と健診にて同じデータによる医療が可能です。
・アフターフォローとセカンドオピニオンとの連携が素早く、円滑に行えます。
・正確な健診結果を2週間以内に送付可能です。
・病院併設の施設であること、医療用電子カルテとの併用により、リアルタイム診療の実現が可能になります。

◆高い精度
・充実した内視鏡センター設備MRI（1.5Ｔ）とマルチスライスCT（80列）を装備しております。
・実績のある専門医による検査の読影を行っております。
・ダブルチェック、医師2名による判定を行っております。1次判定→2次判定→総合判定

≪診療科目≫
内科/皮膚科/放射線科/外科/リウマチ科/泌尿器科/リハビリステーション科/消化器内科・外科/糖尿病・内分泌科/大腸肛門外科/血液透科/呼吸器内科/肝臓・腎臓内科/血管外科/血液内科/甲状腺科/神経内科/循環器内科/整形外科


【住所：東京都調布市小島町2-32-17】",NULL,"http://www.docknet.jp/img/hospital/D20132/p1.jpg","2016-05-18 02:27:11","2016-05-18 02:27:11",NULL,"調布"
10,"イーストメディカルクリニック＜埼玉県さいたま市･浦和駅＞人間ドック
				
			","関東","イーストメディカルクリニックは、約3年間の準備期間を設け、現在3名の医師と看護師、放射線技師、医療事務等、30名を超えるスタッフで開院するに至りました。

イーストメディカルクリニックは、予防医療にも積極的に関わっていきたいと思っております。
日本人の死亡原因の第1位から3位を占める、がん・心臓病・脳卒中は生活習慣病と深く関係しております。これらの病気のリスクを少しでも減らすことが大事です。そのためには生活習慣の改善が必要な場合が多々あります。

皆様の身体状況を把握させていただくには、人間ドックをはじめとした健診が必要で、これらの検査で全身を効率よく調べ、生活習慣をお尋ねしながら改善点を見いだし、将来にわたり皆様の健康維持に当クリニックが協力させていただけたら幸いです。

イーストメディカルクリニックは、駅から近い（浦和駅東口徒歩1分）のでサラリーマンの方々がご利用しやすいように予約制も導入させていただいております。少しでも待ち時間が短縮できるようにとのクリニックからの願いです。
お忙しい方にも是非来院していただければと思っております。

◎診療科目：内科・乳腺外科

【埼玉県さいたま市浦和区東高砂町3-2】",NULL,"http://www.docknet.jp/img/hospital/D20086/p1.JPG","2016-05-18 02:27:11","2016-05-18 02:27:11",NULL,"浦和／浦和／浦和"
11,"日本医科大学健診医療センター＜東京都文京区・千駄木駅＞PET検診
				
			","関東","日本医科大学直営のPET検査センターです。
平日・土曜日にPET/CTを使った全身のがんPET検査を承っております。
PET/CTは病変が小さいうちからがん病巣を発見するための機器です。
がん病巣の位置や形態を診断し、病変が見つかった場合もその後の治療方針に役立てることができます。
また、頭部MRIや血液検査を同時受診できるコースもご用意し、脳梗塞など他の疾患の検査もカバーしています。大学にて研鑽を積んだ多数の医師を揃え、日本医科大学各附属病院と連携しているため、検査後の治療体制も充実しております。
※一般人間ドックは行っておりません。ご了承ください。


【住所：東京都文京区千駄木1丁目12-15】",NULL,"http://www.docknet.jp/img/hospital/D20010/p1.jp","2016-05-18 02:27:11","2016-05-18 02:27:11",NULL,"千駄木／根津／東大前／本駒込"
12,"西台クリニック＜東京都板橋区・西台駅＞PET検診
				
			","関東","西台クリニックは、都営三田線西台駅西口から徒歩1分。西台駅からとても便利な所に西台クリニックがあります。日本人の年間死亡者数が約127万人、その約54％の方が、がん・心臓病・脳血管障害等のいわゆる生活習慣病で占められております。当クリニックでは、皆様の大切なご健康の維持および管理の為、『がん・心臓・脳』の三大生活習慣病の検診を行い、受診者様の将来の健康増進と長寿に貢献しております。2000年の開院から、約7万件のPET検査の実績があり、メディアでも活躍している済陽　高穂（わたよう　たかほ）院長を中心に、スタッフ全員で真摯に検査精度の向上に努めております。症状の乏しい時期や、ささいな身体の変化を契機として診断されることの多い早期にこそ、初期がんなどを発見して、適切な治療を受けることが大変重要です。皆様およびご家族の幸福のため、また社会的任務を全うされるためにも、経験と実績のある西台クリニックでの検診をお勧めします。


【住所：東京都板橋区高島平1-83-8】",NULL,"http://www.docknet.jp/img/hospital/D20000/p1.jpg","2016-05-18 02:27:11","2016-05-18 02:27:11",NULL,"西台"
13,"関西医科大学天満橋総合クリニック　＜大阪府大阪市中央区・天満橋駅＞人間ドック・PET検診
				
			","関西","関西医科大学天満橋総合クリニックは、総合健診センター部門、及び総合外来部門を有する、関西医科大学附属の医療機関です。
大学各課の医師が所属しておりますので、各科領域ごとで診断を下し、総合診断医が最終確認をした上での結果報告となります。

なお、脳ドックは隣接の大阪市立大学附属病院で、PET-CTは関西医科大学附属滝井病院での検査となり、各大学病院の専門部門による検査となります。

また、検診結果で異常が見つかった場合は、当クリニック及び、関西医科大学附属の3病院において、適切に対応させていただきます。
他の医療機関をご希望の場合は、紹介状の作成や予約の手配も行っております。

【住所：大阪府大阪市大手前1丁目7-31】",NULL,"http://www.docknet.jp/img/hospital/D20172/p1.jpg","2016-05-18 02:27:11","2016-05-18 02:27:11",NULL,"天満橋／天満橋"
14,"ティーエムクリニック＜埼玉県熊谷市・籠原駅＞人間ドック・婦人科検診
				
			","関東","ティーエムクリニックは、地域のホームドクターとしてハイレベルの診断・治療機関との連帯を保ちつつ良質の医療を提供し、患者様の立場に立ち、待ち時間の減少等、負担の軽減に努めて参ります。
また、高品位の人間ドックをご提供し、皆様方の健康サポートも致します。
巡回健診では自治体、会社、学校等にも伺い健康管理のサポートを致します。健康に関するお悩み等、お気軽にご相談下さい。


【住所：埼玉県熊谷市三ヶ尻48】",NULL,"http://www.docknet.jp/img/hospital/D20056/p1.JPG","2016-05-18 02:27:12","2016-05-18 02:27:12",NULL,"籠原／籠原"
15,"埼玉メディカルクリニック　所沢健診プレイス
				
			","関東","埼玉メディカルクリニック　所沢健診プレイスは、西武池袋線「小手指」駅北口　徒歩3分に位置する健診センターです。

「病気を治すための医療ではなく、病気にならないための医療サービス」というコンセプトのもと、地域の皆様の健康増進に健診を通じ貢献できることが使命と考えております。
ご受診後のアフターフォローや精密検査・治療、専門診療機関のご紹介など、皆様の健康をより安心・より安全におもてなしの心でサポートいたします。

◇当院の特徴◇
【来るだけでヒーリング効果のあるクリニック】
より健康になるための場所ですから。
音楽、座り心地のいい椅子、予約制による待ち時間の短縮など、ゆったりとリラックスできる空間づくりを心がけています。

【アテンダントによる快適な健診】
ホテルのラウンジのような快適な空間。
受付後にはアテンダントがゆったりとしたソファーにご案内、リラックスしてお待ちいただけます。
検査もアテンダントがご案内いたしますので、長く待たされたり、迷ったりすることなく、快適にご受診いただけます。

【女性医師・スタッフ多数】
女性医師・スタッフによるきめ細かいサービス・おもてなし。
一般検査だけでなく、内視鏡検査・婦人科検診（乳がん検診・子宮がん検診）も女性医師・スタッフが対応いたします。

【健診のあとは、カラダの中から元気になろう】
対象コースをご受診された方には、ランチサービスをご用意。
健康になるためのチェックを受けた後は、健康的なお食事でカラダの中から元気になりましょう。

【外来診療・エイジングケア診療併設】
内科・消化器内科・甲状腺内科、エイジングケア診療を併設。
地域の皆様のかかりつけ医として、病気を発見するためのチェックだけではなく、いつまでも健康でいるために、健康改善や生活リズムのつくり方を、医師が一緒になって考えます。",NULL,"http://www.docknet.jp/img/hospital/D20271/p1.jpg","2016-05-18 02:27:12","2016-05-18 02:27:12",NULL,"小手指"
16,"宇都宮セントラルクリニック＜栃木県宇都宮市･宇都宮駅＞人間ドック･脳ドック
				
			","関東","宇都宮セントラルクリニックでは、予防医学を重視し、病気死亡原因の約6割を占める三大成人病に本格的に取り組むため、国内でも導入台数の少ない高度最新鋭の医療装置「PET-CT」を導入し、高磁場3テスラMRI（磁気共鳴断層撮影装置）やCT（コンピュータ断層撮影装置）も併せて、より科学的根拠ある医療を実践しております。
 
予防医学と「健康であり続けること」、「生き続けること」、そして将来の医療費による「経済的負担を削減すること」をお手伝いしていくことこそ、わたしたちの責務と感じております。

小さいお子様をお連れの方には、無料でご利用できるキッズコーナーもご用意してございますので、是非ご利用下さい。


【住所：栃木県宇都宮市屋板町５６１－３】",NULL,"http://www.docknet.jp/img/hospital/D20204/p1.jpg","2016-05-18 02:27:12","2016-05-18 02:27:12",NULL,"宇都宮／雀宮／東武宇都宮"
17,"都島ＰＥＴ画像診断クリニック＜大阪府大阪市都島区・都島駅＞脳ドック・PET検診
				
			","関西","-がんを不知の病としない。早期発見・早期治療のために-

都島ＰＥＴ画像診断クリニックは画像診断専門のクリニックとして２００８年６月に開院し、現在２台のＰＥＴ-ＣＴと３テスラと１．５テスラの２台のＭＲＩを駆使することにより、高度な画像診断を提供する体制を整えています。

当クリニックではＰＥＴ-ＣＴによるがん検診、ＭＲＩによる脳ドックにも力を入れております。

受診者様の皆様に正確で快適な検査を受けていただけるよう、スタッフ全員が心がけております。これからもよりいっそう精度の高い医療サービスを提供し、皆様のお役に立てることを願っております。

【住所：大阪府大阪市都島区中野町5丁目15-21】",NULL,"http://www.docknet.jp/img/hospital/D20169/p1.jpg","2016-05-18 02:27:12","2016-05-18 02:27:12",NULL,"都島／桜ノ宮"
18,"東京脳神経センター＜東京都港区・神谷町駅＞脳ドック
				
			","関東","東京脳神経センターでは、日本脳神経外科学会認定の脳神経外科専門医による「脳ドック」と、頚性神経筋症候群を発見した松井孝嘉博士の診断に基づく「頚ドック」を行っています。

何となくカラダが疲れる、体調が良くない、いつもと違う症状がある、首が疲れて痛みを感じることがあるという方がいらっしゃれば、当センターのスタッフが丁寧にご説明させて頂きますので、いつでもお気軽にご相談ください。尚、高度医療機関との連携も図っており、アフターフォローにも力を入れております。
東京脳神経センターではさまざまな症状を抱える患者様の苦しみが少しでも改善し、皆様のお役に立てるよう、日々努力していくことをお約束いたします。

○平日忙しい方の為に、土曜日も来院頂けます。
○昼食付きのコースについては、ランチが付いております。
◆当院は日・祝の検診はしておりませんのでご了承ください◆

【住所：東京都港区虎ノ門4-1-17】",NULL,"http://www.docknet.jp/img/hospital/D20003/p1.JPG","2016-05-18 02:27:12","2016-05-18 02:27:12",NULL,"神谷町／六本木一丁目"
19,"柳原病院","東北","健愛クリニック健診センター千住曙では、婦人科検診（乳がん・子宮がん）が同日に実施できます。足立区の乳がん・子宮がん検診の指定実施機関にも認定されており、足立区において、乳がん・子宮がん両方の検診が実施できる事業所は区内4ヶ所しかなく、女性医師・女性技師で対応している医療機関は、更に限定されます。
当健診センタ－は、女性の皆様に受診しやすい環境となっており、是非、多くの区民の皆様に「婦人科がん検診」受診していただきたく拡めていただければ有難いです。

【住所：東京都足立区千住曙町35－1】",NULL,"http://www.docknet.jp/img/hospital/D20024/p1.JPG","2016-05-18 02:27:12","2016-05-18 02:27:12",NULL,"北千住／北千住／堀切／京成関屋"
20,"吉井クリニック＜大阪府吹田市･江坂駅＞人間ドック･婦人科検診
				
			","関西","いつも健康でいたいと思っても、私たちのカラダやココロ、お肌の調子は、ちょっとしたことで変化してしまいますね。
吉井クリニックは、これって大丈夫？と思ったときに、気軽に相談に来て頂けるようなクリニックでありたいと思っています。
また、病気の早期発見、早期治療をめざし、日々健康に過ごして頂けるよう受診者様の健康チェックと、病気の予防、カラダのメンテナンスのお手伝いをさせて頂きたいと考えております。
スタッフをはじめ、医師はみな女性で、女性に優しい診療を心がけておりますので、女性にも気軽に受診していただけます。
健診、人間ドックをはじめ、一般診療では、健康とアンチエイジングをトータルに管理し、健康に若々しく、日々輝いて過ごして頂けるようサポートできるクリニックを目指しております。


【住所：大阪府吹田市豊津町１－２１】
",NULL,"http://www.docknet.jp/img/hospital/D20207/p1.jpg","2016-05-18 02:27:12","2016-05-18 02:27:12",NULL,"江坂"
21,"大平ファミリークリニック
","四国","大平ファミリークリニックは名前の通り小さなお子様から、お母様、お父様、おばあちゃま、おじいちゃままで、ご家族皆様がリラックスして診療、治療を受けて頂けるように、心がけております。
人間ドックは、ご自身のからだに向き合う予防の機会になりますので、気になる方はお気軽にご連絡下さい。",NULL,"http://www.docknet.jp/img/hospital/D20279/p1.jpg","2016-05-18 02:27:12","2016-05-18 02:27:12",NULL,"新大平下"
22,"新天本病院＜東京都多摩市･唐木田駅＞脳ドック
				
			","関東","新天本病院は「信頼と安心の創造」という理念のもと、予防から治療・介護までという「在宅ケア」「認知症ケア」「リハビリテーション」を主とした地域密着型の高齢者医療を目指し取り組んでいる病院です。患者ご本人様のみならず、ご家族様へのケアにも最適なサービスを目指し、地域のサービス機関及び医療機関と連携をとりながら保健・医療・福祉を核としたトータルケアサービスを提供していきます。

新天本病院では、主に脳ドックを中心に行っております。脳ドックでは、脳・脳の血管・脊髄・頚椎の状態を詳しくお調べします。脳ドックを担当する医師は、脳神経外科専門医のため、安心してご受診いただけますし、検査の待ち時間もほぼなくご案内いたします。
また、脳梗塞やがんの可能性を判定することができ、手軽な採血だけで判る簡単な検査「スクリーニング検査」も当院では充実しております。

【住所：東京都多摩市中沢2-5-1】",NULL,"http://www.docknet.jp/img/hospital/D20145/p1.jpg","2016-05-18 02:27:12","2016-05-18 02:27:12",NULL,"唐木田／京王多摩センター／小田急多摩センター／多摩センター"
23,"島村記念病院　健診センター＜東京都練馬区・武蔵関駅＞人間ドック
				
			","関東","島村記念病院　健診センターでは、皆様が安心して受診していただく為に様々な準備をしてお待ちしております。
まず第一に「レディースデー」の設定。安心して健診を受けていただくために女性だけの健診日を設定しております。
第二に「豊富な検査内容」。当健診センターでは豊富なオプション検査を用意し、検査内容を自由にカスタマイズでき、またバリウム検査を内視鏡検査に変更することが可能です。ご自分だけのオリジナル健診コースの受診も可能です。
第三に「充実した健診施設」。マンモグラフィ、超音波エコー、婦人科診察室などの最新施設をご用意しております。
第四に、「医療コンシェルジュ」を配置しておりますので、健診詳細や診療に関することをご質問していただけます。
身体に優しい健診をモットーに、皆様に無理なく快適に健診を受けていただけるように日々心がけております。

【住所：東京都練馬区関町北2-4-2】",NULL,"http://www.docknet.jp/img/hospital/D20008/p1.JPG","2016-05-18 02:27:12","2016-05-18 02:27:12",NULL,"武蔵関／三鷹"
24,"医療法人輝鳳会　新大阪NKクリニック＜大阪府大阪市淀川区・新大阪駅＞
				
			","関東","がん治療においては、外科手術、抗がん剤、放射線の３大治療に健康保険が適応されることもあり、日本の標準治療になっております。
これらはエビデンスのしっかりした、優れた治療法ですが、それだけではがん患者様にとって決して満足のいく治療法とは言えません。特に再発がん、転移がんに対しては有効でない場合が多いことも事実です。
当院では、免疫細胞療法の中でも特にがん治療に有効とされる「高活性化NK細胞療法」を中心に、副作用が少なく効果が期待できる、様々ながん治療を提供しております。
それぞれの患者様に合わせて、それらを組み合わせた「複合免疫療法」を行うことで、より大きな効果が期待できます。
標準治療で限界を迎えた患者様、余命宣告をうけた患者様に対しても、「あきらめないがん治療」をかかげ、積極的に治療に取り組んでおります。

当院では、がんの超早期発見が可能になる、様々ながん検査を提供しています。がんに罹患しているリスクを評価する検査や、がんの発生や再発、転移に結びつく異常を監視します。
最近話題の腸内細菌のバランスを明らかにする検査もできます。

　医療法人輝鳳会
・池袋クリニック
・横浜クリニック
・岡山ＮＫクリニック


【住所：大阪府大阪市淀川区宮原１－６－１】",NULL,"http://www.docknet.jp/img/hospital/D20235/p1.jpg","2016-05-18 02:27:13","2016-05-18 02:27:13",NULL,"新大阪／新大阪／新大阪／新大阪"
25,"東京ベイサイドクリニック＜千葉県船橋市・南船橋駅＞人間ドック
				
			","関東","毎月400人以上が受診するスマート内視鏡、苦痛なし 下剤なし 待機なし の 胃・大腸カメラなら、２Lの下剤を一切飲まず１～２時間短縮して、ピロリ菌・ポリープ治療が土日祝も可能です。
無痛の胃カメラ検査中に小腸へ下剤を注入して、内服より１～２時間短く、体に優しく大腸まで検査します。
各種カード・分割払い可。
",NULL,"http://www.docknet.jp/img/hospital/D20042/p1.jpg","2016-05-18 02:27:13","2016-05-18 02:27:13",NULL,"南船橋／船橋競馬場"
26,"うしおだ診療所＜神奈川県横浜市･鶴見駅＞人間ドック
				
			","関東","【基本理念】
医療・介護・福祉にわたる総合的なサービスを通して、患者様との共同、患者様の信頼と納得・無差別平等を追求します。

【基本構想】
1.無料定額診療事業を核として「いつでも、どこでも、誰でもが安心して受けられる無差別平等の福祉医療の実践」を掲げ、広く地域住民に貢献します。
2.臓器別・疾患別医療から総合的外来診療（家庭医）での全身管理をめざします。
3.汐田総合病院との入院医療・専門性の高い医療等の連携を強化します。
4.認知症を中心とした精神障害者の地域生活支援を重視し相談・訪問活動を強化すると共に、働くものの心の健康を守る医療活動に取り組みます。
5.口腔内を通してその患者全体を診る歯科医療をめざします。


≪診療科目≫
内科/外科/精神科/皮膚科/泌尿器科/眼科/神経内科/消化器科/循環器科/整形外科/脳神経外科/歯科

【住所：神奈川県横浜市鶴見区本町通1丁目16-1(最寄：鶴見駅)】",NULL,"http://www.docknet.jp/img/hospital/D20137/p1.jpg","2016-05-18 02:27:13","2016-05-18 02:27:13",NULL,"鶴見／京急鶴見"
27,"協和メディカルクリニック＜東京都江東区・西大島駅＞人間ドック
				
			","関東","◎2014年4月リニューアルオープン◎
健診専用フロアを設け、さらに快適に受診いただけるようになりました。
人間ドックはもちろん、女性医師による婦人科健診やご夫婦でご受診いただけるペアコースなど、皆様のニーズに合った様々なコースをご用意しております。

充実した設備と経験豊かなスタッフにより、丁寧で安心していただける診療を提供し、病気が発見された際には、愛育会のグループ病院他、提携医療機関をご紹介することも可能です。
これからも、親しみやすく、地域の医療の窓口となれるよう心がけて参ります。


【住所：東京都江東区北砂2-15-40】",NULL,"http://www.docknet.jp/img/hospital/D20011/p1.jpg","2016-05-18 02:27:13","2016-05-18 02:27:13",NULL,"西大島／西大島／亀戸／東陽町"
28,"MYメディカルクリニック＜東京都渋谷区・渋谷駅＞人間ドック
				
			","関東","「来てよかった」を100%に
MYメディカルクリニックは、ＪＲ渋谷駅ハチ公口から徒歩3分という好立地に、「世界で1番お客様に愛されるクリニック」をモットーに開院させていただきました。
一般健診から人間ドックまで、幅広く健診項目を揃え、皆様の健康を守ります。

また、都会で働く方の癒しの場所として、平日夜21時まで外来をあけております。
禁煙外来やＡＧＡ外来など、身近なお悩みに寄り添った診察もしております。
いつでもお気軽にお立ち寄りくださいませ。
スタッフ一同お待ちしております。

※健診のみ、毎週水曜日をレディースデイと定めており女性医師・技師が対応いたします。

【住所：東京都渋谷区宇田川町20-17NOF渋谷公園通りビル5階(最寄:渋谷駅)】",NULL,"http://www.docknet.jp/img/hospital/D20379/p1.jpg","2016-05-18 02:27:13","2016-05-18 02:27:13",NULL,"渋谷"
29,"MIクリニック＜大阪府豊中市・少路駅＞PET検診
				
			","関西","医療法人仁泉会MIクリニックは、先端検査機器PET-CT（2台）を導入したがん検診センターです。

組織の機能を画像化するPETと、組織の形態を短時間で画像化するマルチスライスCTの双方の機能を持たせたPET-CTで、小さながんの検出を目指しています。

また、MRI（1.5T 2台）や超音波検査、乳腺検査、心臓検査、血液検査（腫瘍マーカー）などを組み合わせた検診コースも行っており、経験豊富（年間6000件症例）な放射線科専門医がダブルチェックにて画像診断を行っています。

また、後日ご希望の方には、医師の面談も設けており、万が一病気が見つかった場合には、適切な医療機関のご紹介も行っております。",NULL,"http://www.docknet.jp/img/hospital/D20165/p1.jpg","2016-05-18 02:27:13","2016-05-18 02:27:13",NULL,"少路"
30,"わかば画像診断クリニック＜兵庫県神戸市中央区・神戸駅＞脳ドック
				
			","関西","わかば画像診断クリニックでは、最新鋭の画像診断機器を装備。
専任スタッフによる高精度の画像構築。
放射線専門医、マンモグラフィ読影指導医による迅速・的確な診断。
画像診断に特化した専門クリニックです。
癌や生活習慣病の早期発見、健康チェックであなたの健康をサポートします。
紹介がなくても直接申し込めます。
神戸市の肺がん・乳癌健診も受けられます。
予約制ですのでお問い合わせください。


【住所：兵庫県神戸市中央区中町通4-2-19】",NULL,"http://www.docknet.jp/img/hospital/D20251/p1.jpg","2016-05-18 02:27:13","2016-05-18 02:27:13",NULL,"神戸(兵庫県)／ハーバーランド／高速神戸"
31,"汐留ガーデンクリニック＜東京都港区･新橋駅＞人間ドック
				
			","関東","汐留ガーデンクリニックは、働く方の「健康」と「エイジングケア」を目標に、内科、婦人科、健康診断、スキンケア、メディカルダイエットなどOL・ビジネスマンの幅広いニーズにお応えできるように診療内容の充実に努めております。 

◎診療科目：内科・皮膚科・婦人科


【住所：等級嘔吐港区東新橋1-8-2】",NULL,"http://www.docknet.jp/img/hospital/D20102/p1.JPG","2016-05-18 02:27:13","2016-05-18 02:27:13",NULL,"新橋／汐留／新橋／新橋／汐留"
32,"宇都宮脳脊髄センター＜栃木県宇都宮市・宇都宮駅＞脳ドック
				
			","関東","『とにかく予防です。病気にならないことが一番ですが、早期発見、早期治療が大切です。脳神経外科専門病院の医師達による、診断から治療方針までの説明がうけられます。一般検診、癌検診、認知症スクリーニング検診など結果説明まで医師が丁寧に行います。』

宇都宮脳脊髄センターは脳神経外科専門病院として、日々、脳神経外科領域すべての専門医を擁して診断から治療方針決定、治療までを行っております。
脳血管障害（クモ膜下出血、脳動脈瘤、能動脈狭窄症、先天性の脳血管奇形）、脳腫瘍、脊髄脊椎の病気、てんかん外科、パーキンソン病などを中心に沢山の患者様を治療しております。
頭蓋疾患、脊髄疾患についての検診を中心に、診断結果、治療の必要性、将来的な治療の必要性、今後の検診の必要時期などを含め、診察時にご説明することが可能です。

脳検診の目的の一つとして、クモ膜下出血での死亡リスクとなる脳動脈瘤の発見があります。この疾患は年齢を問わず、特にご家族歴にある方は脳検診を一度お受けになることをお勧めいたします。
脳動脈狭窄症や無症候性の脳梗塞など生活習慣と密接にむすびついた疾患の発見時には今後の治療の必要性を含め方向を提示いたします。
高齢化とともに、健康寿命長く生活することが大切な時代です。脊髄脊椎（首、腰）の病気（頚椎症、腰部脊柱管狭窄症、椎間板ヘルニアなど）の人口に占める割合が高く、歩くことと密接に関連した病気の発見に当院の脊髄脊椎検診をお勧めいたします。

宇都宮脳脊髄センターの内科検診、癌検診はMRI，CTなどを利用して行います。
内科一般検診、肺癌検診、腹部癌検診、骨盤検診（女性用　男性用）骨粗鬆症検診、血管年齢検査、認知症スクリーニング検査などで皆さまの健康を守る準備をしております。


【住所：栃木県宇都宮市一番町１−１８】",NULL,"http://www.docknet.jp/img/hospital/D20241/p1.jpg","2016-05-18 02:27:13","2016-05-18 02:27:13",NULL,"宇都宮／宇都宮／東武宇都宮"
33,"帝国ホテルクリニック＜大阪府大阪市北区･桜ノ宮駅＞人間ドック
				
			","関西","豊かな緑に恵まれた「帝国ホテル大阪」の中にある人間ドック専門施設です。
コースは１日（半日）と２日（１泊）の各人間ドックコースをご用意しています。
１日（半日）人間ドックコースでの軽食、および２日（１泊）人間ドックコースでのご宿泊と夕食は、帝国ホテル大阪でおもてなしします。
一流ホテルならではのくつろぎの中、人間ドック健診に最適な医療機器をそろえ、質の高いサービスをご提供しています。
皆様の健康について真剣に関心を持ち、正確に診断し、積極的に各専門スタッフがサポートしてゆきたいと考えています。
ぜひ、ご自身の健康管理のためにお役立てください。

【住所：大阪府大阪市北区天満橋１丁目８－５０】",NULL,"http://www.docknet.jp/img/hospital/D20193/p1.jpg","2016-05-18 02:27:13","2016-05-18 02:27:13",NULL,"桜ノ宮／大阪天満宮／南森町／南森町／扇町(大阪府)"
34,"エルズメディケア名古屋＜愛知県名古屋市中区・伏見駅＞婦人科検診
				
			","近畿","当施設は、“女性専用健康診断施設”です。

女性特有の疾病の早期発見疾病予防のために、人間ドックや一般健診を始め女性に特化した健診項目の充実を図り、健康増進、疾病予防等のサポートをすることで、女性のための健康管理の架け橋となります。

女性医師と女性中心のスタッフで実施しており、土曜・日曜・祝日も受診していただけます（月曜定休）。
託児所の紹介（有料）もしております。

受診後は、ご希望の方に結果説明をお受けいただけます（予約制）。

【住所：愛知県名古屋市中区栄2-1-1】",NULL,"http://www.docknet.jp//img/hospital/D20168/p1.jpg","2016-05-18 07:08:00","2016-05-18 07:08:00",NULL,"伏見(愛知県)／伏見(愛知県)"
35,"静岡済生会総合病院＜静岡県静岡市駿河区・柚木駅＞人間ドック・脳ドック
				
			","東海","昭和39年、静岡県済生会支部事務局内の社会事業部において検診事業部を開始したのが始まりになります。
翌昭和40年には検診車の導入を図り、地域住民の検診活動の先駆的役割を担っておりました。
当時は県内時各所へも広く出向いておりました。
昭和59年には保健福祉部へと改称し、病院組織に組み入れられ、昭和61年からは人間ドックを開始いたしました。
当センターでは、総合病院の一組織として、健診に留まらないサービスの提供を目指しております。
診療各科と連携した健診後の精密検査、二次検診をはじめ、地域医療センター（診療所との連携業務）の機能を生かして、
かかりつけ医のご紹介や近隣診療所での受診のご案内もしております。
ご不明な点などありましたらご遠慮なくお問い合わせください。


【住所：静岡県静岡市駿河区小鹿１丁目１－１】",NULL,"http://www.docknet.jp/img/hospital/D20158/p1.jpg","2016-05-18 07:08:01","2016-05-18 07:08:01",NULL,"柚木(静岡鉄道線)／静岡／静岡"
36,"公衆保健協会附属診療所＜愛知県名古屋市中村区・中村区役所駅＞人間ドック
				
			","東海","公衆保健協会附属診療所は半世紀以上の歴史を持った、経験豊富なスタッフが揃う健診専門の医療施設です。
多くの検査データと経験、最新の医療技術を駆使することで、より安全で質の高い医療の提供が行えます。
平成２５年２月に新設された施設は、落ち着いて検査が受けられるような設計となっており、その他にも予約限度数にゆとりを持たせるなど、受診者の方が気持ちよく検査を受けられるように様々な配慮を行っています。また、全員女性スタッフの日を設けていますので、お気軽にご相談ください。


【住所：愛知県名古屋市中村区黄金通2丁目45-2】",NULL,"http://www.docknet.jp/img/hospital/D20283/p1.jpg","2016-05-18 07:08:01","2016-05-18 07:08:01",NULL,"中村区役所"
37,"一里山・今井クリニック＜愛知県刈谷市･知立駅＞人間ドック･脳ドック
				
			","東海","一里山・今井クリニックは、平成18年(2006年)に開設したクリニック併設の健診・人間ドック専用施設です。
清潔感あふれる施設で、ゆったりとした環境で受診していただけるように心がけております。
人間ドック本来の目的は自覚症状もなく健康だと思っている方に念のために行う精密検査です。
健康だと思っているときはつい先送りにしてしまいますが、普段から定期的な検査を受け、体の異常をできるだけ早期に発見して適切な治療を行うことが望まれます。
脳ドックでは脳MRI撮影、脳・頚部血管MRA撮影を同時に30分でおこない、当日その場で脳神経外科専門医が診断いたします。
人間ドックでは病気にならないための生活指導も積極的に行っています。
健康維持のために、年に一度は人間ドックを受診しましょう。


【住所：愛知県刈谷市一里山町中本山８８】",NULL,"http://www.docknet.jp/img/hospital/D20208/p1.jpg","2016-05-18 07:08:01","2016-05-18 07:08:01",NULL,"知立"
38,"名古屋医師協同組合　名古屋臨床検査センター附属診療所＜愛知県名古屋市・桜山駅＞人間ドック
				
			","東海","21世紀は“健康”がキーワードのひとつと言われていますが、近年、健康の質が悪くなっている人が多く見られます。
特に生活習慣やストレスの影響が検査結果に出ています。
そこで、様々な病気の早期発見、早期治療が大切ですが、それ以上に病気が起こらないように予防することが大変重要になります。
健康と思われる時こそ、定期的に人間ドック検査を受診し、その結果をよく把握して生活習慣の改善に役立てていただきたいと思います。
そのため一助に、私たち『名古屋臨床検査センター』のスタッフがご協力させていただきます。

【住所：愛知県名古屋市昭和区滝子町27-22】",NULL,"http://www.docknet.jp/img/hospital/D20333/p1.jpg","2016-05-18 07:08:01","2016-05-18 07:08:01",NULL,"桜山／金山(愛知県)"
39,"メドック健康クリニック＜愛知県名古屋市昭和区･川名駅＞人間ドック
				
			","東海","川名駅から徒歩12分のメドック健康クリニックでは、最新の医療機器を取り揃え、より充実した総合健康診断をご提供いたします。
健診・人間ドック専用棟・専用フロアで実施しておりますので、安心してゆったりと受診していただくことができます。
万が一、疾患が発見された場合、専門性の高い総合病院や大学病院へのご紹介も行っております。
人間ドックやレディースドック、脳ドックなど様々な検査コースを用意してございます。
アフターケアも充実しておりますので、日頃少しでも気になるカラダの症状がございましたら、メドック健康クリニックへお気軽にご相談下さい。


【住所：愛知県名古屋市昭和区安田通４丁目３】",NULL,"http://www.docknet.jp/img/hospital/D20211/p1.jpg","2016-05-18 07:08:01","2016-05-18 07:08:01",NULL,"川名／吹上(愛知県)"
40,"やまうちクリニック＜岐阜県羽島郡・茶所駅＞脳ドック
				
			","北陸・信越","やまうちクリニックでは患者様の待ち時間を短縮する努力を行い、それぞれが役割、機能を分担し、病診連携の強化を行います。
やまうちクリニックでは、成人病の治療を行い脳卒中の予防強化に取り組みます。
また、MRIを備えておりますので、より正確な診療も行うことができます。

【住所：岐阜県羽島郡岐南町八剣北５丁目７９−１】",NULL,"http://www.docknet.jp/img/hospital/D20299/p1.jpg","2016-05-18 07:08:01","2016-05-18 07:08:01",NULL,"茶所／細畑"
41,"なかむら内科＜愛知県名古屋市守山区・高蔵寺駅＞人間ドック
				
			","東海","『地域の皆さんに安心と笑顔を　
皆様の健康を支え、安心と笑顔のお手伝いをさせていただきます。』

なかむら内科では、人間ドック、特定健診、名古屋市の様々ながん検診を行っています。
経験豊富な消化器内視鏡専門医による内視鏡検査を受けてください。
大腸内視鏡や大腸ポリープ切除（10ｍｍ以下のもの）も受けることができますので、大腸がん検診陽性の時も病院を探す必要がありません。
クリニックで健診を受けるので、健診で見つかった病気を、次からは同じ場所で治療を受けることができます。
周りの基幹病院としっかりと連携をとっていて紹介の場合も安心です。

【住所：愛知県名古屋市守山区上志段味海東468-2】",NULL,"http://www.docknet.jp/img/hospital/D20227/p1.jpg","2016-05-18 07:08:01","2016-05-18 07:08:01",NULL,"高蔵寺"
42,"ラジオロジークリニック扇町＜大阪府大阪市北区・東梅田駅＞脳ドック
				
			","関西","ラジオロジークリニック扇町は、地下鉄御堂筋梅田駅から徒歩10分、JR大阪駅から徒歩12分、北区の中心部にあります。
私たちは、市民の身近な放射線科専門クリニックとして、皆様の健康維持にお役立ちできることを誇りとしております。

ラジオロジークリニック扇町では、CT、MRI、マンモグラフィなど高度な医療機器を備えており、検査画像や診断の質は高いレベルを維持するように力を注いでいます。

また、禁煙外来、大腸CT検査や女性医師による乳がん検診を行っています。
血液検査で、癌のリスクを測るアミノインデックス、動脈硬化指数を測るロックスインデックスも実施しております。

【住所：大阪府大阪市北区神山町1-7】",NULL,"http://www.docknet.jp/img/hospital/D20162/p1.jpg","2016-05-18 07:10:58","2016-05-18 07:10:58",NULL,"東梅田／扇町(大阪府)／天満"
43,"関西医科大学天満橋総合クリニック　＜大阪府大阪市中央区・天満橋駅＞人間ドック・PET検診
				
			","関西","関西医科大学天満橋総合クリニックは、総合健診センター部門、及び総合外来部門を有する、関西医科大学附属の医療機関です。
大学各課の医師が所属しておりますので、各科領域ごとで診断を下し、総合診断医が最終確認をした上での結果報告となります。

なお、脳ドックは隣接の大阪市立大学附属病院で、PET-CTは関西医科大学附属滝井病院での検査となり、各大学病院の専門部門による検査となります。

また、検診結果で異常が見つかった場合は、当クリニック及び、関西医科大学附属の3病院において、適切に対応させていただきます。
他の医療機関をご希望の場合は、紹介状の作成や予約の手配も行っております。

【住所：大阪府大阪市大手前1丁目7-31】",NULL,"http://www.docknet.jp/img/hospital/D20172/p1.jpg","2016-05-18 07:10:58","2016-05-18 07:10:58",NULL,"天満橋／天満橋"
44,"都島ＰＥＴ画像診断クリニック＜大阪府大阪市都島区・都島駅＞脳ドック・PET検診
				
			","関西","-がんを不知の病としない。早期発見・早期治療のために-

都島ＰＥＴ画像診断クリニックは画像診断専門のクリニックとして２００８年６月に開院し、現在２台のＰＥＴ-ＣＴと３テスラと１．５テスラの２台のＭＲＩを駆使することにより、高度な画像診断を提供する体制を整えています。

当クリニックではＰＥＴ-ＣＴによるがん検診、ＭＲＩによる脳ドックにも力を入れております。

受診者様の皆様に正確で快適な検査を受けていただけるよう、スタッフ全員が心がけております。これからもよりいっそう精度の高い医療サービスを提供し、皆様のお役に立てることを願っております。

【住所：大阪府大阪市都島区中野町5丁目15-21】",NULL,"http://www.docknet.jp/img/hospital/D20169/p1.jpg","2016-05-18 07:10:58","2016-05-18 07:10:58",NULL,"都島／桜ノ宮"
45,"吉井クリニック＜大阪府吹田市･江坂駅＞人間ドック･婦人科検診
				
			","関西","いつも健康でいたいと思っても、私たちのカラダやココロ、お肌の調子は、ちょっとしたことで変化してしまいますね。
吉井クリニックは、これって大丈夫？と思ったときに、気軽に相談に来て頂けるようなクリニックでありたいと思っています。
また、病気の早期発見、早期治療をめざし、日々健康に過ごして頂けるよう受診者様の健康チェックと、病気の予防、カラダのメンテナンスのお手伝いをさせて頂きたいと考えております。
スタッフをはじめ、医師はみな女性で、女性に優しい診療を心がけておりますので、女性にも気軽に受診していただけます。
健診、人間ドックをはじめ、一般診療では、健康とアンチエイジングをトータルに管理し、健康に若々しく、日々輝いて過ごして頂けるようサポートできるクリニックを目指しております。


【住所：大阪府吹田市豊津町１－２１】
",NULL,"http://www.docknet.jp/img/hospital/D20207/p1.jpg","2016-05-18 07:10:58","2016-05-18 07:10:58",NULL,"江坂"
46,"医療法人輝鳳会　新大阪NKクリニック＜大阪府大阪市淀川区・新大阪駅＞
				
			","関西","がん治療においては、外科手術、抗がん剤、放射線の３大治療に健康保険が適応されることもあり、日本の標準治療になっております。
これらはエビデンスのしっかりした、優れた治療法ですが、それだけではがん患者様にとって決して満足のいく治療法とは言えません。特に再発がん、転移がんに対しては有効でない場合が多いことも事実です。
当院では、免疫細胞療法の中でも特にがん治療に有効とされる「高活性化NK細胞療法」を中心に、副作用が少なく効果が期待できる、様々ながん治療を提供しております。
それぞれの患者様に合わせて、それらを組み合わせた「複合免疫療法」を行うことで、より大きな効果が期待できます。
標準治療で限界を迎えた患者様、余命宣告をうけた患者様に対しても、「あきらめないがん治療」をかかげ、積極的に治療に取り組んでおります。

当院では、がんの超早期発見が可能になる、様々ながん検査を提供しています。がんに罹患しているリスクを評価する検査や、がんの発生や再発、転移に結びつく異常を監視します。
最近話題の腸内細菌のバランスを明らかにする検査もできます。

　医療法人輝鳳会
・池袋クリニック
・横浜クリニック
・岡山ＮＫクリニック


【住所：大阪府大阪市淀川区宮原１－６－１】",NULL,"http://www.docknet.jp/img/hospital/D20235/p1.jpg","2016-05-18 07:10:58","2016-05-18 07:10:58",NULL,"新大阪／新大阪／新大阪／新大阪"
47,"MIクリニック＜大阪府豊中市・少路駅＞PET検診
				
			","関西","医療法人仁泉会MIクリニックは、先端検査機器PET-CT（2台）を導入したがん検診センターです。

組織の機能を画像化するPETと、組織の形態を短時間で画像化するマルチスライスCTの双方の機能を持たせたPET-CTで、小さながんの検出を目指しています。

また、MRI（1.5T 2台）や超音波検査、乳腺検査、心臓検査、血液検査（腫瘍マーカー）などを組み合わせた検診コースも行っており、経験豊富（年間6000件症例）な放射線科専門医がダブルチェックにて画像診断を行っています。

また、後日ご希望の方には、医師の面談も設けており、万が一病気が見つかった場合には、適切な医療機関のご紹介も行っております。",NULL,"http://www.docknet.jp/img/hospital/D20165/p1.jpg","2016-05-18 07:10:58","2016-05-18 07:10:58",NULL,"少路"
48,"わかば画像診断クリニック＜兵庫県神戸市中央区・神戸駅＞脳ドック
				
			","関西","わかば画像診断クリニックでは、最新鋭の画像診断機器を装備。
専任スタッフによる高精度の画像構築。
放射線専門医、マンモグラフィ読影指導医による迅速・的確な診断。
画像診断に特化した専門クリニックです。
癌や生活習慣病の早期発見、健康チェックであなたの健康をサポートします。
紹介がなくても直接申し込めます。
神戸市の肺がん・乳癌健診も受けられます。
予約制ですのでお問い合わせください。


【住所：兵庫県神戸市中央区中町通4-2-19】",NULL,"http://www.docknet.jp/img/hospital/D20251/p1.jpg","2016-05-18 07:10:59","2016-05-18 07:10:59",NULL,"神戸(兵庫県)／ハーバーランド／高速神戸"
49,"帝国ホテルクリニック＜大阪府大阪市北区･桜ノ宮駅＞人間ドック
				
			","関西","豊かな緑に恵まれた「帝国ホテル大阪」の中にある人間ドック専門施設です。
コースは１日（半日）と２日（１泊）の各人間ドックコースをご用意しています。
１日（半日）人間ドックコースでの軽食、および２日（１泊）人間ドックコースでのご宿泊と夕食は、帝国ホテル大阪でおもてなしします。
一流ホテルならではのくつろぎの中、人間ドック健診に最適な医療機器をそろえ、質の高いサービスをご提供しています。
皆様の健康について真剣に関心を持ち、正確に診断し、積極的に各専門スタッフがサポートしてゆきたいと考えています。
ぜひ、ご自身の健康管理のためにお役立てください。

【住所：大阪府大阪市北区天満橋１丁目８－５０】",NULL,"http://www.docknet.jp/img/hospital/D20193/p1.jpg","2016-05-18 07:10:59","2016-05-18 07:10:59",NULL,"桜ノ宮／大阪天満宮／南森町／南森町／扇町(大阪府)"
50,"同仁会クリニック（九条病院）＜京都府京都市南区・東寺駅＞人間ドック
				
			","関西","同仁会クリニックでは、大病院とは違った受診者一人ひとりのニーズに合わせた細やかな対応が可能です。
また待ち時間が少ないこともご好評いただいております。
検査コースにはガンなどの早期発見や生活習慣病の予防・改善を目的にしたさまざまなメニューをはじめ、
京都市国民健康保険加入者の方が受診可能な、京都市指定の健診機関・保険指導機関となっています。
また、理想的な予防医学であるアンチエイジングドックも実施しており、老化の原因を抑えたり、受診者の方々が進行を把握することで、効果的に改善され予防や治療をすることができます。
また、併設のメディカルフィットネスクラブSHIN-SHINと、同仁会疾病予防研究所でアドバイスを行いながらの日々の生活習慣の見直しの提案も行っております。


【住所：京都府京都市南区唐橋羅城門町30】",NULL,"http://www.docknet.jp/img/hospital/D20245/p1.jpg","2016-05-18 07:10:59","2016-05-18 07:10:59",NULL,"東寺／西大路"
51,"こはや脳神経外科クリニック＜兵庫県神戸市垂水区・垂水駅＞脳ドック
				
			","関西","【最新医療機器を取りそろえ、脳卒中治療や予防に力を入れている駅近クリニックです】

こはや脳神経外科クリニックでは、3.0テスラMRIを使用し、
①検査時間が短く
②脳卒中治療や予防、さらに認知症診断・治療を行っています。
③高画質な画像で脳の診断を行います（クリニックとしては日本で始めての導入）

また、脳神経外科専門医、脳卒中専門医である院長が精度の高い診断と丁寧な結果説明を行います。

駅から徒歩3分の立地に有り、検査は夜18時台まで検査可能ですので、通勤帰りにもご利用頂けます。

通常の外来もございますので、異常所見が見つかった場合も当院で対応可能であり、
必要であれば提携しております大西脳神経外科病院・神戸市立中央市民病院・西神戸医療センターなどへご紹介いたします。

自覚症状のない脳卒中の予防・早期発見にお役立ちできればと思いますので、皆様のご来院お待ちしております。

【住所：兵庫県神戸市垂水区陸ノ町2-3】",NULL,"http://www.docknet.jp/img/hospital/D20197/p1.jpg","2016-05-18 07:10:59","2016-05-18 07:10:59",NULL,"垂水／山陽垂水"
52,"大谷クリニック＜大阪府大阪市西区・肥後橋駅＞人間ドック
				
			","関西","ときには立ち止まって自分のからだを見つめてみたいものです。
人間のからだは、オーケストラのように健康というハーモニーを奏でています。
心身をおそう、わずかなストレスで健康を損ねてしまうこともあります。
しかも年齢を重ねるごとにストレスへの抵抗力が弱まります。
からだのハーモニーが乱れてしまう前に、オーバーホールを心がけてみてはいかがでしょうか。
私ども大谷クリニックではは、健康だけに終わらずクリニックのノウハウを活かして、適切なアフターフォローを行っています。
皆さま方の、かけがえのない健康のために…。

【住所：大阪府大阪市西区京町堀１丁目９－９】",NULL,"http://www.docknet.jp/img/hospital/D20287/p1.jpg","2016-05-18 07:10:59","2016-05-18 07:10:59",NULL,"肥後橋／本町"
53,"にしはらクリニック＜京都府京都市下京区・四条駅＞脳ドック
				
			","関西","約30年あまり脳神経外科、脳卒中、脊椎脊髄外科を中心に臨床診療を行ってまいりました。
これまでの知識と経験に加え、新しい医療機器、MRIなどを利用し、

・頭痛、めまい、手足のしびれ、痛みなどの原因精査、並びに治療
・脳梗塞、脳出血、くも膜下出血などの脳卒中の予防
・理学療法士とともに機能回復を目的としたリハビリテーション、物理療法
・抗加齢を考慮した生活指導

を柱として診療を行いたいと思います。

加えて、最新MRIを使用した脳ドック検査にて動脈硬化、加齢的変化、認知症などの早期発見を行い、将来の発症の予防につなげます。

また、外傷では頭部の診断治療だけでなく、手足、顔面、頭部の切創、打撲、擦過創の治療、手根管症候群などの日帰り手術も利用できます。
脳、脊椎脊髄の病気でお困りの方や、治療方針に不安のある方もセカンドオピニオン外来にてお気軽に相談できるように努めていきたいと思います。

尚、当院では忙しい勤めの方や、近くにお越しになった際に気楽に診療できるように、予約については従来の電話予約だけでなく、WEB予約、メール予約ができるようになっています。
是非ホームページや予約システムからご利用下さい。

【住所：京都府京都市下京区烏丸通仏光寺上る二帖半敷町655】",NULL,"http://www.docknet.jp/img/hospital/D20166/p1.jpg","2016-05-18 07:10:59","2016-05-18 07:10:59",NULL,"四条(京都市営)／烏丸"
54,"そばじまクリニック＜大阪府東大阪市・荒本駅＞脳ドック
				
			","関西","そばじまクリニックは、駅から1分、平日夜7時まで、土曜日も予約可能で、お忙しい方にもお勧めです。

そばじまクリニックでは、脳ドックの主検査に1.5テスラの解像度を持つMRIを導入しており、脳血管疾患の検出精度は非常に高く、撮影も短時間で、ご負担の少ない検査です。
重大な結果を招く可能性のある病気の予防・早期発見が可能となります。

そばじまクリニックでは経験豊かな脳神経外科の専門医、脳血管外科の専門医、整形外科の専門医による診断を行っております。

MRI検査受診後、万が一、精密な二次検査や治療の必要が生じた場合にも、提携病院を紹介するなどサポート体制を整えています。


【住所：大阪府東大阪市荒本北2-2-6】",NULL,"http://www.docknet.jp/img/hospital/D20163/p1.jpg","2016-05-18 07:10:59","2016-05-18 07:10:59",NULL,"荒本"
55,"淀川健康管理センター＜大阪府大阪市淀川区・十三駅＞人間ドック
				
			","関西","淀川健康管理センターは、2014年4月にリニューアルオープンしたラグジュアリーな空間のセンターです。
健康診断専門のセンターですので、快適にスピーディにご受診いただけます。

淀川健康管理センターでは、人間ドック・レディースドックをはじめ、各種がん検査や法定健診など幅広く実施し、様々なお客様のニーズにお応えできるよう努めております。

疾病の早期発見、あなた様のご健康維持のサポートに是非お役立て下さい。


【住所：大阪府大阪市淀川区十三本町1-1-9】",NULL,"http://www.docknet.jp/img/hospital/D20180/p1.jpg","2016-05-18 07:10:59","2016-05-18 07:10:59",NULL,"十三"
56,"近畿健診センター＜大阪府大阪市北区・南森町駅＞人間ドック
				
			","関西","近畿健診センターは、地下鉄南森町駅より４分、ＪＲ大阪天満宮駅より７分
ＪＲ大阪駅よりバスで８分と好アクセス！

人間ドック、生活習慣病健診、定期健診など幅広く実施し、
疾病の早期発見に努めております。

医師、看護師、スタッフは一部を除き、ほぼ全員女性ですので
女性のお客様にもご好評をいただいております。

幅広い年齢層のお客様のニーズに応え、
あなたの健康を維持するためにスタッフ全員でサポートして参ります。

【住所：大阪府大阪市北区西天満5-9-3】",NULL,"http://www.docknet.jp/img/hospital/D20182/p1.jpg","2016-05-18 07:11:00","2016-05-18 07:11:00",NULL,"南森町／南森町／大阪天満宮"
57,"福島健康管理センター＜大阪府大阪市福島区・野田駅＞人間ドック
				
			","関西","福島健康管理センターは、大阪駅から２駅の野田駅から徒歩８分の健診センター。

人間ドック、レディースドック、脳ドック、各種がん検診などを幅広く実施し、
疾病の早期発見に努めております。

簡単な検査から精密な検査まで、幅広い年齢層のお客様の
ニーズに応え、健康を維持するためにサポートして参ります。

【住所：大阪府大阪市福島区玉川2-12-16】",NULL,"http://www.docknet.jp/img/hospital/D20179/p1.jpg","2016-05-18 07:11:00","2016-05-18 07:11:00",NULL,"野田(大阪環状線)／野田(阪神線)／玉川(大阪府)"
58,"福慈クリニック＜大阪府大阪市・心斎橋駅＞人間ドック
				
			","関西","福慈会は、福慈クリニック健診センターの運営を「安心と信頼」をキーワードに取り組んでおります。

私たちは、永年の経験を活かした確かな診断と健診技術で、これまで数多くの方々の信頼を得てまいりました。
健診センターは一般社団法人日本総合健診医学会より優良総合健診（優良施設第154号）の認定を受けております。

人間ドック「総合健診」をお受けになる皆様が「安心と信頼」がもてる健康施設を目指しております。
また、地下鉄御堂筋線「心斎橋駅」５分　地下鉄堺筋線「長堀駅」５分と交通の利便性がよい場所にあります。

私たちは、疾病の早期発見、及び生活習慣病の予防指導を行い、お客様の健康保持に貢献する「安心と信頼」のサービスを提供いたします。

皆様が安心してお受けいただけるように当健康管理センターでは、できる限り精度の高い検査や誤診防止のためのチェック体制を整え、品質、環境をご提供し、疾病の早期発見と予防及び健康増進に貢献したいと考えております。

【住所：大阪府大阪市東心斎橋１－１２－２０】",NULL,"http://www.docknet.jp/img/hospital/D20350/p1.jpg","2016-05-18 07:11:00","2016-05-18 07:11:00",NULL,"心斎橋／長堀橋"
59,"なでしこレディースホスピタル＜兵庫県神戸市西区・西神南駅＞婦人科検診
				
			","関西","なでしこレディースホスピタルは、神戸市営地下鉄「西神南駅」から徒歩5分です。
赤ちゃんからご高齢の方まで、すべての女性をやさしく包み込む癒しの空間をご用意させて頂いております。
 
何かと忙しい私たち女性の毎日の生活。
あなたの大切な心と身体をメンテナンスすることを忘れてはいませんか？
なでしこレディースホスピタルの女性ドック、ブライダルドックでは、
メンテナンスのお手伝いをさせて頂いております。


【住所：兵庫県神戸市西区井吹台東町２丁目１３】",NULL,"http://www.docknet.jp/img/hospital/D20159/p1.jpg","2016-05-18 07:11:00","2016-05-18 07:11:00",NULL,"西神南"
60,"東朋八尾病院＜大阪府八尾市・近鉄八尾駅＞脳・肺ドック
				
			","関西","東朋八尾病院では、皆様の健康保持、増進に役立つよう、疾患の予防、早期発見、早期治療に直結する健康診断・人間ドック等のコースを整えております。

1年に１度の健診を東朋八尾病院で！


【住所：大阪府八尾市北本町2丁目10-54】",NULL,"http://www.docknet.jp/img/hospital/D20249/p1.jpg","2016-05-18 07:11:00","2016-05-18 07:11:00",NULL,"近鉄八尾"
61,"出馬クリニック＜大阪府大阪市天王寺区・鶴橋駅＞子宮がん検診
				
			","関西","出馬クリニックは、昭和17年に「出馬病院」として開院以来、親子3代にわたり地域のみなさまに信頼される医療機関を目指して、医療提供に努めてまいりました。
現在は、クリニックとして婦人科・産科・内科を診療科目とし、女性の様々な症状を全般にサポートしていますので遠慮なく何でもお尋ねください。
また、一人の医師としてだけではなく「人」として「人」とのつながりを大切にできるクリニックを目指し、患者さまが自らの意思で治療法や予防法を選択できるよう、コミュニケーションに必要な時間を十分にとり、治療方針を明確にしたわかりやすい診療を心がけております。
みなさまと生涯お付き合いできる「ホームドクター」として、全力をつくしていきたいと思いますのでよろしくお願いいたします。


【住所：大阪府大阪市天王寺区味原町13-3】",NULL,"http://www.docknet.jp/img/hospital/D20269/p1.jpg","2016-05-18 07:11:00","2016-05-18 07:11:00",NULL,"鶴橋／鶴橋／鶴橋"
62,"李クリニック＜兵庫県宝塚市･小林駅＞人間ドック
				
			","関西","李クリニックは平成23年11月に開院したクリニックです。
小林駅から徒歩5分に位置し、仕事帰りの方にも通っていただけるよう夜19時まで診療しております。
院長は消化器内視鏡専門医・外科専門医であり、上部(食道、胃、十二指腸)消化器内視鏡、下部（大腸）消化器内視鏡、超音波検査を得意分野としております。
李クリニックではがん疾患などの早期発見、生活習慣病による一次予防に2つの人間ドックをご用意しております。
お仕事が忙しい方、1年以上健康診断を受けていない方、自身の現在の健康状態を確認したい方などにおすすめです。
お気軽にご相談ください。


【住所：兵庫県宝塚市小林５－９－９５】",NULL,"http://www.docknet.jp/img/hospital/D20210/p1.jpg","2016-05-18 07:11:00","2016-05-18 07:11:00",NULL,"小林(兵庫県)"
63,"七条武田クリニック＜京都府京都市下京区・西大路駅＞脳ドック
				
			","関西","わたしたちの七条武田クリニックに求められていること、それは地域の患者様の身近なホームドクターとして総合的な診療を行い、体調が優れない時は助け、お体の心配事はなんでも相談にのって、安心を提供することだと思っています。
疾患が悪化したり、さまざまな合併症が生じないよう予防を重視し、日常的にある病気の治療、専門性を生かした診療を行うとともに、時には専門病院へ橋渡ししてまいります。
さらに最近の高齢化社会を背景に、いつでも安心していただける介護サービスへの橋渡しもしっかり行ってまいります。
また七条武田クリニックでは、最新のMRIを導入し、人間ドック・脳ドックの精密検査にも力を入れております。
詳しい健診をご希望の際は、是非当院をご利用下さい。
これまでの経験を活かし、「地域の皆様との出会いを大切にし、丁寧な診察とわかりやすい説明で、人の心にまでふれた医療を目指したい！」、人にやさしい心ある医療を全職員で実現することをお約束いたします。
七条武田クリニックへ行けば、なんとかしてくれる、親切になんでも健康や介護の相談にのってもらえて頼りがいがあると言われるよう、地域に根ざした医療サービスを展開してまいります。
「地域の皆様には、いつまでも元気で生き生きとした毎日をお過ごしいただきたい！」「地域の皆様にはいつも安心にお過ごしいただきたい！」そんな思いを実現することを私のライフワークとさせていただきます。
どうぞよろしくお願いいたします。


【住所：京都府京都市下京区西七条南衣田町３番地】",NULL,"http://www.docknet.jp/img/hospital/D20222/p1.jpg","2016-05-18 07:11:00","2016-05-18 07:11:00",NULL,"西大路"
64,"医療法人社団尚仁会　平島病院健康管理センター＜兵庫県三田市・三田駅＞人間ドック
				
			","関西","私たち、平島病院健康センターでは、受診者の皆様が清潔できれいな空間で気持ちよくドックを受けて頂くために、日々努力をしております。
特に、人間ドックにおきましては、お忙しい方にとって喜ばれるスピーディな対応を心がけております。（日帰りドックは約２～３時間で検査終了します。）
人間ドックは「病気を引き起こすかもしれない要因を早期に発見して、より早く治療すること」が目的です。
平島病院健康管理センターでは予防医学に対する取り組みの一環として、生活習慣病の早期発見に重点をおいた人間ドックを実施しており、様々なニーズにお応えできるように各種オプションを取り揃えております。
又、経験豊富な医師によるＷチェック体制と共に、疾患が見つかった場合は、併設の病院で速やかにフォローアップ致します。
皆様の健康管理や健康増進の為、ぜひ平島病院健康管理センターの人間ドックをご利用ください。

【住所：兵庫県三田市天神1-2-15】",NULL,"http://www.docknet.jp/img/hospital/D20360/p1.jpg","2016-05-18 07:11:00","2016-05-18 07:11:00",NULL,"三田(兵庫県)"
65,"入野医院＜大阪府大阪市浪速区・なんば駅＞人間ドック
				
			","関西","入野医院ではめまいに特化した診療を行っており、周辺地域のほか、多府県からも患者様がご相談に来られます。
当院では内科、脳神経外科、耳鼻咽喉科、眼科の各専門領域から問診・検査を行い、その原因や治療法をトータルな観点から診断し、患者様一人ひとりのニーズにあった治療を目指すように心がけております。

めまい以外にも心筋梗塞、脳卒中、悪性腫瘍といった三大疫病に対しても検査、治療を行っております。
何でもお気軽に相談してくだされば、きっとお役にたてる事があるかと思います。
皆様の受診をお待ちしております。


【住所：大阪府大阪市浪速区元町2-3-19】",NULL,"http://www.docknet.jp/img/hospital/D20286/p1.jpg","2016-05-18 07:11:00","2016-05-18 07:11:00",NULL,"なんば／大阪難波／なんば／なんば／難波"
66,"京都武田病院＜京都府京都市下京区・西大路駅＞人間ドック
				
			","関西","現在、少子・高齢化社会が本格的に到来し、公的介護保険制度の導入、疾病構造の変化、患者ニーズの多様化等々を背景に医療を取り巻く環境は激変しています。こうした環境変化への迅速な対応が医療機関には求められています。そのためには、より良い環境や設備を整えることはいうまでもなく、患者さんに対する温かい心くばりと優しい心くばりと優しい思いやりにうらづけされた医療の提供が不可欠です。

医療法人社団　恵心会　京都武田病院では、患者さんとの信頼関係のもとに患者さんが健康に対する自覚を高め、医療への参加意識を持ち、予防から治療までのニーズに応じた患者さん中心の医療サービスを提供してまいります。また、医療サービスの質的向上を常に意識し、病院機能評価など第三者からの評価を通じ、医療サービスの継続的改善に努めています。

私たちは、地域の皆様から選ばれ、共存できる病院となるために医療・介護の新たな環境作りに今後とも一層の努力を重ねてまいります。


【住所：京都府京都市下京区西七条南衣田町１１番地】",NULL,"http://www.docknet.jp/img/hospital/D20223/p1.jpg","2016-05-18 07:11:00","2016-05-18 07:11:00",NULL,"西大路"
67,"金光診療所＜京都府京都市・北大路駅＞人間ドック
				
			","関西","金光診療所は、消化器内科、糖尿病・内分泌内科、整形外科のクリニックです。
内視鏡検査を含む消化器疾患の診療、糖尿病・内分泌疾患をはじめ、高血圧、高脂血症等の生活習慣病、メタボリックシンドロームの診療、また運動器関連障害、骨粗鬆症の診療からリハビリテーションまで幅広く対応させて頂くことにより、地域の皆様の健康のお手伝いをできる『かかりつけ診療所』でありたいと思っています。


【住所：京都府京都市上京区閻魔前町３３－２】",NULL,"http://www.docknet.jp/img/hospital/D20341/p1.jpg","2016-05-18 07:11:00","2016-05-18 07:11:00",NULL,"北大路"
68,"医療法人輝鳳会　岡山NKクリニック＜岡山県岡山市・岡山駅＞
				
			","中国","がんという病気から、生還している方は、沢山いらっしゃいます。
しかし、その方たちは、がんの標準治療（三大治療）だけではなく、ほとんどの方はご自分で良いと思うことを、あきらめずに積極的に取り組まれての生還です。
いまや「がん」＝「死」ではありません。
「がん」という病気の大きな原因は、強いストレスから来る免疫の低下です。
先端医療の「免疫細胞療法」と、東洋医学の見地からの「自律神経免疫療法」、さらに天然の抗がん剤と言われる「超高濃度ビタミンC点滴療法」を組み合わせ効果の期待できる最強のがんクリニックとして、がん患者様の明るい未来をサポートしています。

がんのリスクを顕在化する「リスクチェッカー」がん専門のスペシャル検査で、より細かい検査項目までデータを解析いたします。

　医療法人輝鳳会
・池袋クリニック
・横浜クリニック
・新大阪NKクリニック


【住所：岡山県岡山市北区大供２－１－１】",NULL,"http://www.docknet.jp/img/hospital/D20238/p1.jpg","2016-05-18 07:17:18","2016-05-18 07:17:18",NULL,"岡山／岡山／岡山／岡山／岡山"
69,"医療法人和香会　倉敷スイートホスピタル＜岡山県倉敷市・中庄駅＞人間ドック
				
			","中国","平成24年に新築オープンしたＪＲ中庄駅から徒歩3分と好立地の、健康診断等には便利な倉敷スイートホスピタルです。洗礼された設計による個性的な空間デザインを用いたエントランス他、スイートストリート、フロアに至るまで、利用される方に心地よい造りになっております。
検診後の料理は「料理の鉄人」湯浅シェフ考案の特別メニューを、1階カフェ・ドゥ・シュクにてご提供させて頂いております。
いつも「元気で健康でありたい・・・」と願う気持ちは皆の願いです。私たちスタッフ一同、社会の為、皆様の幸せの為に貢献して参ります。

*1泊2日ドックにつきましては、月・木曜日とさせていただきます。
*胃カメラかバリウムをお選びいただけます。
　月曜日に胃カメラ、火・木・金曜日にバリウムをさせていただきます。
*お支払いは現金のみとさせていただきます。


【住所：岡山県倉敷市中庄3542番1】",NULL,"http://www.docknet.jp/img/hospital/D20363/p1.jpg","2016-05-18 07:17:18","2016-05-18 07:17:18",NULL,"中庄"
70,"佐々木外科病院　総合健診センター＜山口県山口市・湯田温泉駅＞人間ドック
				
			","中国","健診専用の独立フロアでゆったりと受診ができ、コンピュータと自動化された医療用検査設備を駆使して短時間に実施する総合健診システムを採用しています。
検査データが当日に報告できる体制を整えているため、医師の結果説明において十分な時間をかけ、生活指導の必要な方に対しても生活指導・栄養指導・運動指導・禁煙指導を行っています。佐々木外科病院に併設していますので、必要な方には病院での高度な精密検査や適切な治療へ引き継ぐことができます。
当院総合健診センターは、日本人間ドック学会の「人間ドック健診機能評価」と日本総合健診医学会の「優良総合健診施設」の認定を受けており、また、併設病院である佐々木外科病院は「日本医療機能評価機構」の認定病院です。


【住所：山口県山口市泉都町9番13号】",NULL,"http://www.docknet.jp/img/hospital/D20365/p1.jpg","2016-05-18 07:17:18","2016-05-18 07:17:18",NULL,"湯田温泉／湯田温泉／湯田温泉"
71,"博多ひのきクリニック＜福岡県福岡市・博多駅＞人間ドック
				
			","九州","博多駅前の人間ドックと渡航外来を行っている博多ひのきクリニックです。
土曜と日曜日も開院しておりお忙しい方向けの施設です。
また博多ひのきクリニックでは、中国語と韓国語にも対応しており、外国人のかたにも日本の良質な人間ドックをお受けすることができます。
さらに博多ひのきクリニックは渡航外来(トラベルクリニック)が併設されております。
海外赴任や留学の方では人間ドックとトラベラーズワクチンを同日に接種することも可能です。
お忙しいビジネスマンにとっては、土日を利用して当クリニックを利用されることをお勧めいたします。
海外での健康トラブルの際にも、メールサポートいたします。
ドックは胃カメラやレディースドックまで充実しております。
お気軽のお問い合わせ下さい。

【住所：福岡市福岡市博多区博多駅南1丁目8－34】",NULL,"http://www.docknet.jp/img/hospital/D20303/p1.jpg","2016-05-18 07:18:04","2016-05-18 07:18:04",NULL,"博多"
72,"陣の内脳神経外科クリニック＜福岡市春日市・春日原駅＞脳ドック
				
			","九州","頭痛専門医、国際頭痛マイスターで脳神経医外科の専門医2名が交代で診療致します。
小児頭痛外来、頭痛外来、薬物乱用頭痛、脳過敏症候群、偏頭痛、群発頭痛、緊張型頭痛、頚性神経筋症候群、性交時頭痛、飛行機頭痛などの治療を得意にしています。

他に脳ドック、物忘れドック、神経内科疾患、整形外科的神経障害、腰痛症、交通事故、一般内科疾患の診療可能です。
頭痛の治りにくい方は特に受診をお勧めしています。


こんな症状はありませんか？
・頭痛
・頭鳴、耳鳴り
・めまい、ふらふら感
・ろれつ難、言語障害
・意識消失、失神発作
・複視、視力障害
・歩行障害、全身の筋力低下
・手足のふるえ
・記名力障害
・気分抑うつ、うつ状態、不眠
・顔面のけいれん、痛み

【住所：福岡県春日市春日原北町3丁目63】",NULL,"http://www.docknet.jp/img/hospital/no_img.gif","2016-05-18 07:18:04","2016-05-18 07:18:04",NULL,"春日原／春日(福岡県)"
73,"天神頭痛クリニック＜福岡県福岡市・天神駅＞脳ドック
				
			","九州","天神頭痛クリニックでは、頭痛専門医、国際頭痛マイスターで脳神経医外科の専門医2名が交代で診療致します。
小児頭痛外来、頭痛外来、薬物乱用頭痛、脳過敏症候群、偏頭痛、群発頭痛、緊張型頭痛、頚性神経筋症候群、性交時頭痛、飛行機頭痛などの治療を得意にしています。

他に脳ドック、物忘れドック、神経内科疾患、整形外科的神経障害、腰痛症、交通事故、一般内科疾患の診療可能です。
頭痛の治りにくい方は特に受診をお勧めしています。


こんな症状はありませんか？
・頭痛
・頭鳴、耳鳴り
・めまい、ふらふら感
・ろれつ難、言語障害
・意識消失、失神発作
・複視、視力障害
・歩行障害、全身の筋力低下
・手足のふるえ
・記名力障害
・気分抑うつ、うつ状態、不眠
・顔面のけいれん、痛み


【住所：福岡県福岡市中央区天神２丁目１４－１３－１Ｆ】",NULL,"http://www.docknet.jp/img/hospital/D20362/p1.jpg","2016-05-18 07:18:04","2016-05-18 07:18:04",NULL,"天神／西鉄福岡"
